{
  "fr" : {
    "Standard Parcel" : {
      "0.25" : 2.4 ,
      "0.5" : 2.94 ,
      "0.75" : 3.65 ,
      "1" : 3.7 ,
      "1.5" : 4.2 ,
      "2" : 4.3 ,
      "3" : 5.4 ,
      "4" : 6.56 ,
      "5" : 6.79 ,
      "6" : 6.9 ,
      "7" : 6.9 ,
      "8" : 7.02 ,
      "9" : 7.28 ,
      "10" : 7.28 ,
      "12" : 8.53 ,
      "15" : 10.39 ,
      "20" : 10.93
    },
    "Large Parcel Dimensions" : {
      "0.25" : 2.94 ,
      "0.5" : 2.94 ,
      "0.75" : 3.7 ,
      "1" : 3.7 ,
      "1.5" : 4.3 ,
      "2" : 4.3 ,
      "3" : 5.45 ,
      "4" : 6.56 ,
      "5" : 6.86 ,
      "6" : 7.08 ,
      "7" : 7.29 ,
      "8" : 7.49 ,
      "9" : 7.73 ,
      "10" : 8.28 ,
      "12" : 10.66 ,
      "15" : 10.81 ,
      "20" : 11.62 ,
      "25" : 12.92 ,
      "30" : 14.25 ,
      "35" : 22.28 ,
      "40" : 23.43
    },
    "Extra Large Parcel Dimensions" : {
      "0.25" : 8.19 ,
      "0.5" : 8.19 ,
      "0.75" : 8.19 ,
      "1" : 8.19 ,
      "1.5" : 8.19 ,
      "2" : 8.19 ,
      "3" : 8.19 ,
      "4" : 8.19 ,
      "5" : 8.19 ,
      "6" : 11.6 ,
      "7" : 11.6 ,
      "8" : 11.6 ,
      "9" : 11.6 ,
      "10" : 11.6 ,
      "12" : 15.97 ,
      "15" : 15.97 ,
      "20" : 16.78 ,
      "25" : 18.55 ,
      "30" : 21.9 ,
      "35" : 28.8 ,
      "40" : 28.8 ,
      "50" : 35.5 ,
      "60" : 42.09
    },
    "Oversize Parcel Dimensions" : {
      "0.25" : 16.78 ,
      "0.5" : 16.78 ,
      "0.75" : 16.78 ,
      "1" : 16.78 ,
      "1.5" : 16.78 ,
      "2" : 16.78 ,
      "3" : 16.78 ,
      "4" : 16.78 ,
      "5" : 16.78 ,
      "6" : 16.78 ,
      "7" : 16.78 ,
      "8" : 16.78 ,
      "9" : 16.78 ,
      "10" : 16.78 ,
      "12" : 16.78 ,
      "15" : 16.78 ,
      "20" : 16.78 ,
      "25" : 29.6 ,
      "30" : 29.6 ,
      "35" : 29.6 ,
      "40" : 29.6 ,
      "50" : 42.09 ,
      "60" : 42.09
    },
    "" : {
      "10000" : "Unfortunately we can't accept this size parcels."
    }
  },

  "es" : {
    "Standard Parcel" : {
      "0.25" : 2.0794 ,
      "0.5" : 2.52 ,
      "0.75" : 2.7454 ,
      "1" : 3.0266 ,
      "1.5" : 3.37 ,
      "2" : 3.46 ,
      "3" : 4.1 ,
      "4" : 5.41 ,
      "5" : 5.79 ,
      "6" : 6.3 ,
      "7" : 6.62 ,
      "8" : 6.89 ,
      "9" : 7.13 ,
      "10" : 7.13 ,
      "12" : 8.43 ,
      "15" : 9.75 ,
      "20" : 10.4
    },
    "Large Parcel Dimensions" : {
      "0.25" : 2.65 ,
      "0.5" : 2.65 ,
      "0.75" : 3.6 ,
      "1" : 3.6 ,
      "1.5" : 3.79 ,
      "2" : 3.79 ,
      "3" : 5.45 ,
      "4" : 5.58 ,
      "5" : 5.9 ,
      "6" : 6.81 ,
      "7" : 7.21 ,
      "8" : 7.43 ,
      "9" : 7.73 ,
      "10" : 8.28 ,
      "12" : 9.23 ,
      "15" : 9.35 ,
      "20" : 10.04 ,
      "25" : 10.69 ,
      "30" : 12.16 ,
      "35" : 14.12
    },
    "Extra Large Parcel Dimensions" : {
      "0.25" : 7.55 ,
      "0.5" : 7.55 ,
      "0.75" : 7.55 ,
      "1" : 7.55 ,
      "1.5" : 7.55 ,
      "2" : 7.55 ,
      "3" : 7.55 ,
      "4" : 7.55 ,
      "5" : 7.55 ,
      "6" : 9.65 ,
      "7" : 9.65 ,
      "8" : 9.65 ,
      "9" : 9.65 ,
      "10" : 9.65 ,
      "12" : 12.6222 ,
      "15" : 12.6222 ,
      "20" : 13.48 ,
      "25" : 16.25 ,
      "30" : 18.9 ,
      "35" : 24 ,
      "40" : 24 ,
      "50" : 29.5 ,
      "60" : 34.2
    },
    "Oversize Parcel Dimensions" : {
      "0.25" : 13.6 ,
      "0.5" : 13.6 ,
      "0.75" : 13.6 ,
      "1" : 13.6 ,
      "1.5" : 13.6 ,
      "2" : 13.6 ,
      "3" : 13.6 ,
      "4" : 13.6 ,
      "5" : 13.6 ,
      "6" : 13.6 ,
      "7" : 13.6 ,
      "8" : 13.6 ,
      "9" : 13.6 ,
      "10" : 13.6 ,
      "12" : 13.6 ,
      "15" : 13.6 ,
      "20" : 13.6 ,
      "25" : 24.8 ,
      "30" : 24.8 ,
      "35" : 24.8 ,
      "40" : 24.8 ,
      "50" : 36.6 ,
      "60" : 36.6
    },
    "" : {
      "10000" : "Unfortunately we can't accept this size parcels."
    }
  },

  "it" : {
    "Standard Parcel" : {
      "0.25" : 2.28 ,
      "0.5" : 2.82 ,
      "0.75" : 3.18 ,
      "1" : 3.25 ,
      "1.5" : 4.04 ,
      "2" : 4.3 ,
      "3" : 5.24 ,
      "4" : 6.59 ,
      "5" : 6.83 ,
      "6" : 7.04 ,
      "7" : 7.22 ,
      "8" : 7.47 ,
      "9" : 7.79 ,
      "10" : 7.79 ,
      "12" : 8.4 ,
      "15" : 10.35 ,
      "20" : 10.91
    },
    "Large Parcel Dimensions" : {
      "0.25" : 2.85 ,
      "0.5" : 2.85 ,
      "0.75" : 3.56 ,
      "1" : 3.56 ,
      "1.5" : 4.27 ,
      "2" : 4.27 ,
      "3" : 5.34 ,
      "4" : 6.72 ,
      "5" : 6.97 ,
      "6" : 7.18 ,
      "7" : 7.37 ,
      "8" : 7.62 ,
      "9" : 7.94 ,
      "10" : 8.26 ,
      "12" : 10.13 ,
      "15" : 10.71 ,
      "20" : 11.55 ,
      "25" : 12.83 ,
      "30" : 14.1 ,
      "35" : 15.95 ,
      "40" : 17.23
    },
    "Extra Large Parcel Dimensions" : {
      "0.25" : 7.640424 ,
      "0.5" : 7.640424 ,
      "0.75" : 7.640424 ,
      "1" : 7.640424 ,
      "1.5" : 7.640424 ,
      "2" : 7.640424 ,
      "3" : 7.640424 ,
      "4" : 7.640424 ,
      "5" : 7.640424 ,
      "6" : 10.2 ,
      "7" : 10.2 ,
      "8" : 10.2 ,
      "9" : 10.2 ,
      "10" : 10.2 ,
      "12" : 13.5745 ,
      "15" : 13.5745 ,
      "20" : 14.26 ,
      "25" : 17 ,
      "30" : 20.1 ,
      "35" : 25.89 ,
      "40" : 25.89 ,
      "50" : 31.87 ,
      "60" : 37.85
    },
    "Oversize Parcel Dimensions" : {
      "0.25" : 14.26 ,
      "0.5" : 14.26 ,
      "0.75" : 14.26 ,
      "1" : 14.26 ,
      "1.5" : 14.26 ,
      "2" : 14.26 ,
      "3" : 14.26 ,
      "4" : 14.26 ,
      "5" : 14.26 ,
      "6" : 14.26 ,
      "7" : 14.26 ,
      "8" : 14.26 ,
      "9" : 14.26 ,
      "10" : 14.26 ,
      "12" : 14.26 ,
      "15" : 14.26 ,
      "20" : 14.26 ,
      "25" : 27.03 ,
      "30" : 27.03 ,
      "35" : 27.03 ,
      "40" : 27.03 ,
      "50" : 39.6 ,
      "60" : 39.6
    },
    "" : {
      "10000" : "Unfortunately we can't accept this size parcels."
    }
  }
}
